{"inputs": [[0.02304147465437788, 0.02304147465437788, 0.0], [0.02304147465437788, 0.02304147465437788, 0.03105590062111801], [0.07373271889400922, 0.09907834101382489, 0.07142857142857142], [0.12211981566820276, 0.052995391705069124, 0.040372670807453416], [0.2119815668202765, 0.2834101382488479, 0.4130434782608695], [0.004608294930875576, 0.14516129032258066, 0.13975155279503104], [0.004608294930875576, 0.029953917050691243, 0.7608695652173912], [0.1543778801843318, 0.10138248847926268, 0.9999999999999999], [0.14055299539170507, 0.009216589861751152, 0.4409937888198757], [0.48847926267281105, 0.05529953917050691, 0.22360248447204967], [0.06221198156682028, 0.3548387096774194, 0.037267080745341616], [0.3847926267281106, 0.3317972350230415, 0.06832298136645962], [0.2926267281105991, 1.0, 0.37888198757763975], [0.016129032258064516, 0.12442396313364056, 0.2950310559006211], [0.006912442396313364, 0.009216589861751152, 0.015527950310559004], [0.09907834101382489, 0.20046082949308755, 0.20807453416149066], [0.1497695852534562, 0.04838709677419355, 0.10248447204968944], [0.12442396313364056, 0.15668202764976957, 0.2763975155279503], [0.2926267281105991, 0.013824884792626727, 0.4130434782608695], [1.0, 0.15207373271889402, 0.003105590062111801], [0.1774193548387097, 0.1774193548387097, 0.23913043478260868], [0.1336405529953917, 0.20046082949308755, 0.10559006211180123], [0.18202764976958524, 0.12442396313364056, 0.03416149068322981], [0.17511520737327188, 0.25806451612903225, 0.5124223602484471], [0.029953917050691243, 0.03917050691244239, 0.037267080745341616], [0.07603686635944701, 0.027649769585253454, 0.17080745341614906], [0.20967741935483872, 0.11981566820276497, 0.09627329192546583], [0.21889400921658986, 0.07142857142857142, 0.22981366459627328], [0.0, 0.0, 0.0]], "outputs": [[0.4467720008079503, 0.07096239381569042], [0.2727090976855508, 0.7348853462293505], [0.0, 0.4949153051176357], [0.18774393747449986, 0.35050610364096596], [0.30982231255824855, 0.7163645939067763], [0.5676457368837268, 0.8074175283000672], [0.5603756568506818, 0.17666765149345692], [0.07359705029194301, 0.5688639183523581], [0.027936131457706324, 0.46579501760266434], [0.14086458099311486, 0.48977320030455274], [0.7453826625549594, 0.9370455026628843], [0.3950397587102192, 0.14355807755745376], [0.30721482430296004, 0.3218858612393284], [0.2520033482355297, 0.681497588337954], [0.08367782384087803, 0.5610152864680729], [0.7124061399811998, 0.9999999999999999], [0.29463498490358275, 0.7290596618233115], [0.2229034447811561, 0.6533656897444224], [0.30796888704292263, 0.6622828764114002], [0.9999999999999999, 0.9896017754229509], [0.36792293279790667, 0.8168307017879703], [0.48475275657100786, 0.16545518324263675], [0.6034902986836246, 0.0], [0.1834550989971829, 0.6252680106573701], [0.2666990343452066, 0.7170944319955771], [0.3151951701612044, 0.7399539977742908], [0.06689727175351286, 0.46966576516380154], [0.34822627440474413, 0.7830708144320313], [0.05688879964401895, 0.4303491484045815]]}