{
    "inputs": [
        [10, 10, 0],
        [10, 10, 10],
        [32, 43, 23],
        [53, 23, 13],
        [92, 123, 133],
        [2, 63, 45],
        [2, 13, 245],
        [67, 44, 322],
        [61, 4, 142],
        [212, 24, 72],
        [27, 154, 12],
        [167, 144, 22],
        [127, 434, 122],
        [7, 54, 95],
        [3, 4, 5],
        [43, 87, 67],
        [65, 21, 33],
        [54, 68, 89],
        [127, 6, 133],
        [434, 66, 1],
        [77, 77, 77],
        [58, 87, 34],
        [79, 54, 11],
        [76, 112, 165],
        [13, 17, 12],
        [33, 12, 55],
        [91, 52, 31],
        [95, 31, 74],
        [0, 0, 0]
    ],
    "outputs": [
        [0.0005676052630626297, -6897.118654545934],
        [0.000353389757546753, 4022.9348905696943],
        [1.777248257570719e-05, 75.96229587798383],
        [0.00024882494551986724, -2299.2473678332576],
        [0.0003990642001916845, 3718.3097735691836],
        [0.0007163619941787215, 5215.927705589603],
        [0.0007074148616106494, -5158.502645496952],
        [0.00010834680398455857, 1292.2522481601031],
        [5.215288422948406e-05, -403.0015624380956],
        [0.00019113152051788832, -8.613873223151414],
        [0.0009350990409504142, 7348.0191114382715],
        [0.000503939495149736, -5703.081378500068],
        [0.0003958552199626201, -2769.9865979861943],
        [0.00032790763294722046, 3144.825205239097],
        [0.00012075299716552421, 1163.1597380718304],
        [0.0008945155373630574, 8383.48034881211],
        [0.00038037347969570523, 3927.115359975645],
        [0.00029209500189763713, 2682.1181428453197],
        [0.0003967832289072841, 2828.7859986879016],
        [0.001248451172136815, 8212.452718659079],
        [0.0004705673953709145, 5370.753439725873],
        [0.0006143473697936499, -5342.92277019175],
        [0.0007604751325225119, -8064.291949790151],
        [0.00024354676340286358, 2219.9739151022854],
        [0.00034599330067087893, 3730.3139842686255],
        [0.00040567646154568865, 4106.30291704183],
        [0.00010010152931253373, -339.336387927141],
        [0.00044632713763088444, 4815.478499668927],
        [8.778431597231286e-05, -986.0071479342014]
    ]
}
